{"stats":{"minecraft:mined":{"minecraft:spruce_planks":4,"iceandfire:silver_ore":7,"farmersdelight:wild_carrots":2,"minecraft:amethyst_cluster":4,"minecraft:crafting_table":5,"minecraft:torch":1,"minecraft:budding_amethyst":1,"minecraft:grass_block":4,"minecraft:calcite":11,"supplementaries:wild_flax":4,"minecraft:tall_grass":6,"minecraft:copper_ore":22,"minecraft:cobblestone":12,"minecraft:diorite":9,"minecraft:amethyst_block":6,"supplementaries:urn":2,"minecraft:spruce_stairs":1,"minecraft:coarse_dirt":1,"minecraft:furnace":5,"minecraft:birch_log":6,"minecraft:iron_ore":14,"minecraft:andesite":6,"born_in_chaos_v1:river_mint":4,"minecraft:wither_rose":1,"minecraft:grass":9,"minecraft:coal_ore":140,"minecraft:vine":2,"minecraft:gravel":2,"minecraft:dirt":1,"minecraft:smooth_basalt":3,"minecraft:stone":138},"minecraft:custom":{"minecraft:interact_with_furnace":38,"minecraft:mob_kills":28,"minecraft:interact_with_crafting_table":27,"minecraft:open_barrel":15,"minecraft:damage_dealt_resisted":554,"minecraft:leave_game":14,"minecraft:time_since_death":95342,"minecraft:sleep_in_bed":1,"minecraft:climb_one_cm":50,"minecraft:time_since_rest":5967,"minecraft:sprint_one_cm":245128,"minecraft:damage_taken":1088,"minecraft:walk_one_cm":414885,"minecraft:drop":18,"minecraft:damage_dealt":3641,"minecraft:talked_to_villager":1,"minecraft:swim_one_cm":9178,"minecraft:fly_one_cm":329248,"minecraft:crouch_one_cm":2263,"minecraft:play_time":270286,"minecraft:sneak_time":1727,"minecraft:deaths":1,"minecraft:walk_under_water_one_cm":16853,"minecraft:boat_one_cm":72270,"minecraft:jump":2096,"minecraft:walk_on_water_one_cm":46489,"minecraft:total_world_time":270286,"minecraft:fall_one_cm":38198},"minecraft:crafted":{"minecraft:cooked_beef":1,"minecraft:cherry_planks":8,"minecraft:cooked_porkchop":10,"minecraft:crafting_table":2,"minecraft:spyglass":1,"minecraft:wooden_pickaxe":1,"minecraft:furnace":1,"iceandfire:armor_copper_metal_leggings":2,"minecraft:cherry_boat":1,"minecraft:copper_ingot":83,"minecraft:birch_planks":24,"iceandfire:copper_sword":1,"minecraft:stone_axe":1,"iceandfire:armor_copper_metal_boots":2,"minecraft:air":0,"iceandfire:armor_copper_metal_helmet":2,"born_in_chaos_v1:fried_maggot":4,"minecraft:stick":20,"iceandfire:armor_copper_metal_chestplate":2,"minecraft:stone_pickaxe":3,"minecraft:stone_sword":1,"minecraft:torch":36},"minecraft:broken":{"minecraft:stone_pickaxe":2},"minecraft:killed_by":{"minecraft:skeleton":1},"minecraft:used":{"minecraft:cherry_boat":1,"minecraft:diorite":1,"minecraft:stone_pickaxe":378,"minecraft:wooden_pickaxe":8,"born_in_chaos_v1:fried_maggot":4,"minecraft:torch":39,"iceandfire:copper_sword":72,"minecraft:crafting_table":6,"easy_npc:humanoid_spawn_egg":2,"minecraft:bread":7,"minecraft:gravel":2,"easy_npc:fairy_spawn_egg":1,"minecraft:stone_axe":29,"minecraft:wooden_sword":45,"minecraft:cobblestone":27,"iceandfire:armor_copper_metal_helmet":1,"minecraft:furnace":6,"minecraft:cooked_porkchop":10,"minecraft:cooked_beef":1},"minecraft:killed":{"minecraft:pig":6,"born_in_chaos_v1:swarmer":1,"enemyexpansion:sprinter":1,"born_in_chaos_v1:maggot":2,"enemyexpansion:meature":1,"minecraft:zombie":6,"iceandfire:ghost":1,"born_in_chaos_v1:corpse_fly":1,"born_in_chaos_v1:corpse_fish":3,"minecraft:drowned":1,"born_in_chaos_v1:door_knight":1,"minecraft:cow":1},"minecraft:picked_up":{"minecraft:birch_log":6,"born_in_chaos_v1:corpse_maggot":4,"minecraft:crafting_table":5,"born_in_chaos_v1:river_mint":4,"minecraft:andesite":6,"minecraft:wither_rose":1,"supplementaries:flax_seeds":4,"minecraft:gunpowder":2,"minecraft:amethyst_block":6,"minecraft:dirt":10,"minecraft:raw_copper":84,"minecraft:wooden_sword":4,"minecraft:bone":13,"minecraft:cherry_boat":1,"minecraft:wheat_seeds":2,"minecraft:spruce_planks":4,"minecraft:beef":1,"minecraft:calcite":11,"dynamictrees:oak_seed":4,"minecraft:birch_sapling":2,"minecraft:furnace":5,"minecraft:stick":13,"minecraft:raw_iron":14,"minecraft:smooth_basalt":3,"minecraft:copper_ingot":17,"minecraft:torch":15,"minecraft:gravel":2,"minecraft:porkchop":18,"minecraft:amethyst_shard":16,"minecraft:cherry_log":2,"minecraft:diorite":9,"iceandfire:armor_copper_metal_boots":1,"minecraft:carrot":3,"minecraft:arrow":2,"minecraft:rotten_flesh":16,"supplementaries:ash":1,"minecraft:coal":270,"iceandfire:raw_silver":7,"minecraft:cobblestone":150},"minecraft:dropped":{"minecraft:spyglass":1,"iceandfire:armor_copper_metal_chestplate":1,"iceandfire:armor_copper_metal_helmet":1,"minecraft:dirt":10,"supplementaries:ash":1,"minecraft:diorite":1,"minecraft:torch":12,"iceandfire:armor_copper_metal_boots":2,"minecraft:wooden_sword":6,"minecraft:wooden_pickaxe":1,"iceandfire:armor_copper_metal_leggings":1}},"DataVersion":3465}