{"stats":{"minecraft:custom":{"minecraft:jump":104,"minecraft:time_since_rest":94188,"minecraft:damage_dealt":40,"minecraft:leave_game":4,"minecraft:play_time":94188,"minecraft:sprint_one_cm":19333,"minecraft:damage_taken":120,"minecraft:time_since_death":94188,"minecraft:walk_one_cm":23038,"minecraft:sneak_time":430,"minecraft:total_world_time":94188,"minecraft:fall_one_cm":1129,"minecraft:fly_one_cm":75921},"minecraft:used":{"minecraft:bread":5,"easy_npc:fairy_spawn_egg":1,"minecraft:wooden_sword":1,"easy_npc:humanoid_spawn_egg":2}},"DataVersion":3465}