{"stats":{"minecraft:mined":{"minecraft:oak_log":1},"minecraft:crafted":{"minecraft:oak_planks":4},"minecraft:custom":{"minecraft:jump":236,"minecraft:time_since_rest":23371,"minecraft:leave_game":1,"minecraft:deaths":1,"minecraft:damage_taken":220,"minecraft:walk_on_water_one_cm":1972,"minecraft:sprint_one_cm":37016,"minecraft:play_time":28988,"minecraft:time_since_death":23327,"minecraft:walk_one_cm":9269,"minecraft:sneak_time":9,"minecraft:total_world_time":28988,"minecraft:walk_under_water_one_cm":356,"minecraft:fall_one_cm":3878,"minecraft:fly_one_cm":112128},"minecraft:picked_up":{"minecraft:oak_log":1}},"DataVersion":3465}