{"stats":{"minecraft:broken":{"minecraft:stone_pickaxe":2},"minecraft:mined":{"iceandfire:silver_ore":5,"farmersdelight:wild_carrots":2,"minecraft:amethyst_cluster":4,"minecraft:crafting_table":4,"minecraft:torch":1,"minecraft:budding_amethyst":1,"minecraft:grass_block":3,"minecraft:calcite":6,"supplementaries:wild_flax":3,"minecraft:cobblestone":6,"minecraft:tall_grass":5,"minecraft:copper_ore":22,"minecraft:diorite":7,"minecraft:amethyst_block":6,"supplementaries:urn":2,"minecraft:furnace":2,"minecraft:birch_log":6,"minecraft:iron_ore":10,"minecraft:andesite":6,"born_in_chaos_v1:river_mint":4,"minecraft:wither_rose":1,"minecraft:grass":6,"minecraft:coal_ore":114,"minecraft:vine":2,"minecraft:gravel":2,"minecraft:dirt":1,"minecraft:smooth_basalt":3,"minecraft:stone":115},"minecraft:crafted":{"minecraft:cooked_beef":1,"minecraft:cooked_porkchop":8,"minecraft:crafting_table":2,"minecraft:spyglass":1,"minecraft:wooden_pickaxe":1,"minecraft:furnace":1,"iceandfire:armor_copper_metal_leggings":2,"minecraft:copper_ingot":83,"minecraft:birch_planks":24,"iceandfire:copper_sword":1,"minecraft:stone_axe":1,"iceandfire:armor_copper_metal_boots":2,"minecraft:air":0,"iceandfire:armor_copper_metal_helmet":2,"minecraft:stick":20,"iceandfire:armor_copper_metal_chestplate":2,"minecraft:stone_pickaxe":3,"minecraft:stone_sword":1,"minecraft:torch":32},"minecraft:used":{"minecraft:diorite":1,"minecraft:stone_pickaxe":307,"minecraft:wooden_pickaxe":8,"minecraft:torch":34,"iceandfire:copper_sword":39,"minecraft:crafting_table":5,"easy_npc:humanoid_spawn_egg":2,"minecraft:bread":5,"minecraft:gravel":2,"easy_npc:fairy_spawn_egg":1,"minecraft:stone_axe":17,"minecraft:wooden_sword":45,"minecraft:cobblestone":18,"iceandfire:armor_copper_metal_helmet":1,"minecraft:furnace":3,"minecraft:cooked_porkchop":8,"minecraft:cooked_beef":1},"minecraft:killed":{"minecraft:pig":3,"enemyexpansion:sprinter":1,"minecraft:zombie":6,"iceandfire:ghost":1,"minecraft:drowned":1,"born_in_chaos_v1:door_knight":1,"minecraft:cow":1},"minecraft:picked_up":{"minecraft:birch_log":6,"minecraft:crafting_table":4,"born_in_chaos_v1:river_mint":4,"minecraft:andesite":6,"minecraft:wither_rose":1,"supplementaries:flax_seeds":3,"minecraft:gunpowder":2,"minecraft:amethyst_block":6,"minecraft:dirt":4,"minecraft:raw_copper":84,"minecraft:bone":13,"minecraft:wheat_seeds":2,"minecraft:beef":1,"minecraft:calcite":6,"dynamictrees:oak_seed":4,"minecraft:birch_sapling":2,"minecraft:furnace":2,"minecraft:stick":11,"minecraft:raw_iron":10,"minecraft:smooth_basalt":3,"minecraft:copper_ingot":17,"minecraft:torch":14,"minecraft:gravel":2,"minecraft:porkchop":12,"minecraft:amethyst_shard":16,"minecraft:cherry_log":2,"minecraft:diorite":7,"iceandfire:armor_copper_metal_boots":1,"minecraft:carrot":3,"minecraft:arrow":2,"minecraft:rotten_flesh":12,"minecraft:coal":138,"iceandfire:raw_silver":5,"minecraft:cobblestone":121},"minecraft:custom":{"minecraft:interact_with_furnace":30,"minecraft:mob_kills":17,"minecraft:interact_with_crafting_table":26,"minecraft:damage_dealt_resisted":554,"minecraft:leave_game":10,"minecraft:time_since_death":23986,"minecraft:time_since_rest":24019,"minecraft:sprint_one_cm":167901,"minecraft:damage_taken":948,"minecraft:walk_one_cm":298866,"minecraft:drop":7,"minecraft:damage_dealt":2380,"minecraft:swim_one_cm":8406,"minecraft:fly_one_cm":222633,"minecraft:crouch_one_cm":1369,"minecraft:play_time":198930,"minecraft:sneak_time":1212,"minecraft:deaths":1,"minecraft:walk_under_water_one_cm":9557,"minecraft:jump":1368,"minecraft:walk_on_water_one_cm":32500,"minecraft:total_world_time":198930,"minecraft:fall_one_cm":25558},"minecraft:killed_by":{"minecraft:skeleton":1},"minecraft:dropped":{"minecraft:spyglass":1,"iceandfire:armor_copper_metal_chestplate":1,"iceandfire:armor_copper_metal_helmet":1,"minecraft:torch":12,"iceandfire:armor_copper_metal_boots":2,"iceandfire:armor_copper_metal_leggings":1}},"DataVersion":3465}