{"stats":{"minecraft:picked_up":{"supplementaries:ash":1,"minecraft:rotten_flesh":3},"minecraft:dropped":{"minecraft:rotten_flesh":3,"supplementaries:ash":1,"backpacked:backpack":1},"minecraft:custom":{"minecraft:jump":106,"minecraft:time_since_rest":45053,"minecraft:damage_dealt":25,"minecraft:leave_game":2,"minecraft:play_time":45053,"minecraft:sprint_one_cm":24274,"minecraft:time_since_death":45053,"minecraft:walk_one_cm":26172,"minecraft:sneak_time":139,"minecraft:total_world_time":45053,"minecraft:fall_one_cm":2717,"minecraft:drop":5,"minecraft:fly_one_cm":145745}},"DataVersion":3465}