{"stats":{"minecraft:mined":{"minecraft:large_amethyst_bud":1,"iceandfire:silver_ore":6,"minecraft:crafting_table":7,"minecraft:torch":1,"minecraft:budding_amethyst":3,"minecraft:grass_block":1,"minecraft:calcite":1,"iceandfire:ghost_chest":1,"minecraft:tall_grass":1,"minecraft:copper_ore":6,"minecraft:cobblestone":4,"minecraft:moss_block":19,"minecraft:diorite":6,"minecraft:wall_torch":2,"minecraft:amethyst_block":12,"minecraft:skeleton_skull":1,"farmersdelight:wild_onions":8,"minecraft:furnace":1,"minecraft:birch_log":4,"minecraft:iron_ore":2,"minecraft:andesite":1,"minecraft:wither_rose":1,"minecraft:grass":1,"minecraft:coal_ore":46,"minecraft:small_amethyst_bud":1,"minecraft:dirt":1,"minecraft:stone":63,"minecraft:oak_leaves":2},"minecraft:crafted":{"minecraft:cooked_porkchop":4,"minecraft:crafting_table":1,"minecraft:wooden_pickaxe":1,"minecraft:furnace":1,"minecraft:copper_ingot":17,"minecraft:birch_planks":16,"minecraft:stick":12,"minecraft:stone_pickaxe":2,"minecraft:wooden_axe":1,"minecraft:torch":8},"minecraft:custom":{"minecraft:interact_with_furnace":9,"minecraft:mob_kills":2,"minecraft:interact_with_crafting_table":9,"minecraft:damage_dealt_resisted":483,"minecraft:leave_game":1,"minecraft:time_since_death":1604,"minecraft:time_since_rest":1636,"minecraft:sprint_one_cm":70655,"minecraft:damage_taken":1032,"minecraft:walk_one_cm":177197,"minecraft:trigger_trapped_chest":1,"minecraft:drop":5,"minecraft:damage_dealt":492,"minecraft:swim_one_cm":35205,"minecraft:fly_one_cm":19610,"minecraft:crouch_one_cm":31,"minecraft:play_time":49424,"minecraft:deaths":5,"minecraft:sneak_time":12,"minecraft:walk_under_water_one_cm":3433,"minecraft:jump":422,"minecraft:walk_on_water_one_cm":23881,"minecraft:total_world_time":49424,"minecraft:fall_one_cm":5338},"minecraft:broken":{"minecraft:stone_pickaxe":1,"minecraft:wooden_sword":1},"minecraft:killed_by":{"minecraft:skeleton":2,"minecraft:creeper":1,"iceandfire:ghost":1,"born_in_chaos_v1:door_knight":1},"minecraft:used":{"minecraft:stone_pickaxe":149,"minecraft:wooden_pickaxe":10,"minecraft:torch":6,"farmersdelight:onion":1,"minecraft:crafting_table":7,"minecraft:wooden_axe":17,"minecraft:wooden_sword":66,"minecraft:furnace":1,"minecraft:cooked_porkchop":1,"minecraft:andesite":1,"alexsmobs:animal_dictionary":1},"minecraft:killed":{"alexsmobs:catfish":1,"alexsmobs:terrapin":1},"minecraft:picked_up":{"minecraft:birch_log":4,"minecraft:crafting_table":7,"minecraft:allium":14,"minecraft:andesite":1,"iceandfire:armor_copper_metal_chestplate":1,"minecraft:wither_rose":1,"minecraft:chain":2,"iceandfire:armor_copper_metal_helmet":1,"minecraft:amethyst_block":12,"minecraft:dirt":2,"minecraft:raw_copper":59,"iceandfire:graveyard_soil":4,"minecraft:wheat_seeds":1,"minecraft:calcite":1,"minecraft:moss_block":19,"minecraft:furnace":1,"minecraft:stick":1,"minecraft:raw_iron":2,"iceandfire:ghost_chest":1,"minecraft:copper_ingot":31,"iceandfire:armor_copper_metal_leggings":1,"minecraft:torch":2,"minecraft:spyglass":1,"minecraft:diorite":6,"iceandfire:armor_copper_metal_boots":2,"iceandfire:silver_ingot":2,"farmersdelight:onion":8,"minecraft:coal":64,"minecraft:skeleton_skull":1,"iceandfire:raw_silver":6,"minecraft:cobblestone":69},"minecraft:dropped":{"minecraft:copper_ingot":45,"iceandfire:armor_copper_metal_boots":1}},"DataVersion":3465}